{
  "accuracy": [
    0.4262295067310333,
    0.5887500047683716,
    0.6518750190734863,
    0.7211538553237915,
    0.7181249856948853
  ],
  "loss": [
    1.2204310894012451,
    0.9689846634864807,
    0.8556637763977051,
    0.7196134328842163,
    0.7088051438331604
  ],
  "val_accuracy": [
    0.606249988079071,
    0.715624988079071,
    0.7671874761581421,
    0.778124988079071,
    0.754687488079071
  ],
  "val_loss": [
    0.983237624168396,
    0.7522533535957336,
    0.6550835967063904,
    0.6041444540023804,
    0.6300257444381714
  ]
}